Rank,Title,Year,Rating,Duration,IMDb URL,Image URL
1,The Shawshank Redemption,1994,9.3,2h 22m,https://www.imdb.com/title/tt0111161/,https://m.media-amazon.com/images/M/MV5BMDAyY2FhYjctNDc5OS00MDNlLThiMGUtY2UxYWVkNGY2ZjljXkEyXkFqcGc@._V1_.jpg
2,The Godfather,1972,9.2,2h 55m,https://www.imdb.com/title/tt0068646/,https://m.media-amazon.com/images/M/MV5BNGEwYjgwOGQtYjg5ZS00Njc1LTk2ZGEtM2QwZWQ2NjdhZTE5XkEyXkFqcGc@._V1_.jpg
3,The Dark Knight,2008,9.1,2h 32m,https://www.imdb.com/title/tt0468569/,https://m.media-amazon.com/images/M/MV5BMTMxNTMwODM0NF5BMl5BanBnXkFtZTcwODAyMTk2Mw@@._V1_.jpg
4,The Godfather Part II,1974,9,3h 22m,https://www.imdb.com/title/tt0071562/,https://m.media-amazon.com/images/M/MV5BMDIxMzBlZDktZjMxNy00ZGI4LTgxNDEtYWRlNzRjMjJmOGQ1XkEyXkFqcGc@._V1_.jpg
5,12 Angry Men,1957,9,1h 36m,https://www.imdb.com/title/tt0050083/,https://m.media-amazon.com/images/M/MV5BYjE4NzdmOTYtYjc5Yi00YzBiLWEzNDEtNTgxZGQ2MWVkN2NiXkEyXkFqcGc@._V1_.jpg
6,The Lord of the Rings: The Return of the King,2003,9,3h 21m,https://www.imdb.com/title/tt0167260/,https://m.media-amazon.com/images/M/MV5BMTZkMjBjNWMtZGI5OC00MGU0LTk4ZTItODg2NWM3NTVmNWQ4XkEyXkFqcGc@._V1_.jpg
7,Schindler's List,1993,9,3h 15m,https://www.imdb.com/title/tt0108052/,https://m.media-amazon.com/images/M/MV5BNjM1ZDQxYWUtMzQyZS00MTE1LWJmZGYtNGUyNTdlYjM3ZmVmXkEyXkFqcGc@._V1_.jpg
8,The Lord of the Rings: The Fellowship of the Ring,2001,8.9,2h 58m,https://www.imdb.com/title/tt0120737/,https://m.media-amazon.com/images/M/MV5BNzIxMDQ2YTctNDY4MC00ZTRhLTk4ODQtMTVlOWY4NTdiYmMwXkEyXkFqcGc@._V1_.jpg
9,Pulp Fiction,1994,8.8,2h 34m,https://www.imdb.com/title/tt0110912/,https://m.media-amazon.com/images/M/MV5BYTViYTE3ZGQtNDBlMC00ZTAyLTkyODMtZGRiZDg0MjA2YThkXkEyXkFqcGc@._V1_.jpg
10,"The Good, the Bad and the Ugly",1966,8.8,2h 58m,https://www.imdb.com/title/tt0060196/,https://m.media-amazon.com/images/M/MV5BMWM5ZjQxM2YtNDlmYi00ZDNhLWI4MWUtN2VkYjBlMTY1ZTkwXkEyXkFqcGc@._V1_.jpg
11,Forrest Gump,1994,8.8,2h 22m,https://www.imdb.com/title/tt0109830/,https://m.media-amazon.com/images/M/MV5BNDYwNzVjMTItZmU5YS00YjQ5LTljYjgtMjY2NDVmYWMyNWFmXkEyXkFqcGc@._V1_.jpg
12,The Lord of the Rings: The Two Towers,2002,8.8,2h 59m,https://www.imdb.com/title/tt0167261/,https://m.media-amazon.com/images/M/MV5BMGQxMDdiOWUtYjc1Ni00YzM1LWE2NjMtZTg3Y2JkMjEzMTJjXkEyXkFqcGc@._V1_.jpg
13,Fight Club,1999,8.8,2h 19m,https://www.imdb.com/title/tt0137523/,https://m.media-amazon.com/images/M/MV5BOTgyOGQ1NDItNGU3Ny00MjU3LTg2YWEtNmEyYjBiMjI1Y2M5XkEyXkFqcGc@._V1_.jpg
14,Inception,2010,8.8,2h 28m,https://www.imdb.com/title/tt1375666/,https://m.media-amazon.com/images/M/MV5BMjAxMzY3NjcxNF5BMl5BanBnXkFtZTcwNTI5OTM0Mw@@._V1_.jpg
15,Star Wars: Episode V - The Empire Strikes Back,1980,8.7,2h 4m,https://www.imdb.com/title/tt0080684/,https://m.media-amazon.com/images/M/MV5BMTkxNGFlNDktZmJkNC00MDdhLTg0MTEtZjZiYWI3MGE5NWIwXkEyXkFqcGc@._V1_.jpg
16,The Matrix,1999,8.7,2h 16m,https://www.imdb.com/title/tt0133093/,https://m.media-amazon.com/images/M/MV5BN2NmN2VhMTQtMDNiOS00NDlhLTliMjgtODE2ZTY0ODQyNDRhXkEyXkFqcGc@._V1_.jpg
17,Goodfellas,1990,8.7,2h 25m,https://www.imdb.com/title/tt0099685/,https://m.media-amazon.com/images/M/MV5BN2E5NzI2ZGMtY2VjNi00YTRjLWI1MDUtZGY5OWU1MWJjZjRjXkEyXkFqcGc@._V1_.jpg
18,Interstellar,2014,8.7,2h 49m,https://www.imdb.com/title/tt0816692/,https://m.media-amazon.com/images/M/MV5BYzdjMDAxZGItMjI2My00ODA1LTlkNzItOWFjMDU5ZDJlYWY3XkEyXkFqcGc@._V1_.jpg
19,One Flew Over the Cuckoo's Nest,1975,8.7,2h 13m,https://www.imdb.com/title/tt0073486/,https://m.media-amazon.com/images/M/MV5BYjBkMjgzMzYtNzRiMS00NDc3LWE4YTUtZjYxYjZhNjNhYzhhXkEyXkFqcGc@._V1_.jpg
20,Se7en,1995,8.6,2h 7m,https://www.imdb.com/title/tt0114369/,https://m.media-amazon.com/images/M/MV5BY2IzNzMxZjctZjUxZi00YzAxLTk3ZjMtODFjODdhMDU5NDM1XkEyXkFqcGc@._V1_.jpg
21,It's a Wonderful Life,1946,8.6,2h 10m,https://www.imdb.com/title/tt0038650/,https://m.media-amazon.com/images/M/MV5BMDM4OWFhYjEtNTE5Yy00NjcyLTg5N2UtZDQwNDZlYjlmNDU5XkEyXkFqcGc@._V1_.jpg
22,The Silence of the Lambs,1991,8.6,1h 58m,https://www.imdb.com/title/tt0102926/,https://m.media-amazon.com/images/M/MV5BNDdhOGJhYzctYzYwZC00YmI2LWI0MjctYjg4ODdlMDExYjBlXkEyXkFqcGc@._V1_.jpg
23,Seven Samurai,1954,8.6,3h 27m,https://www.imdb.com/title/tt0047478/,https://m.media-amazon.com/images/M/MV5BZjliMWExOTMtZDQ3ZS00NWU3LWIyN2EtMjllNzk3ZTNlYzg4XkEyXkFqcGc@._V1_.jpg
24,Saving Private Ryan,1998,8.6,2h 49m,https://www.imdb.com/title/tt0120815/,https://m.media-amazon.com/images/M/MV5BZGZhZGQ1ZWUtZTZjYS00MDJhLWFkYjctN2ZlYjE5NWYwZDM2XkEyXkFqcGc@._V1_.jpg
25,The Green Mile,1999,8.6,3h 9m,https://www.imdb.com/title/tt0120689/,https://m.media-amazon.com/images/M/MV5BMTUxMzQyNjA5MF5BMl5BanBnXkFtZTYwOTU2NTY3._V1_.jpg
26,City of God,2002,8.6,2h 10m,https://www.imdb.com/title/tt0317248/,https://m.media-amazon.com/images/M/MV5BYjY4NGI5OTUtY2ZlZS00Zjk4LTk5N2MtN2JmYWVjNGNmMGRlXkEyXkFqcGc@._V1_.jpg
27,Life Is Beautiful,1997,8.6,1h 56m,https://www.imdb.com/title/tt0118799/,https://m.media-amazon.com/images/M/MV5BZTBhOGYzZjQtYzE0Mi00MGIwLWE0MWYtNzMxNTM2OTFkM2NjXkEyXkFqcGc@._V1_.jpg
28,Terminator 2: Judgment Day,1991,8.6,2h 17m,https://www.imdb.com/title/tt0103064/,https://m.media-amazon.com/images/M/MV5BNGMyMGNkMDUtMjc2Ni00NWFlLTgyODEtZTY2MzBiZTg0OWZiXkEyXkFqcGc@._V1_.jpg
29,Star Wars: Episode IV - A New Hope,1977,8.6,2h 1m,https://www.imdb.com/title/tt0076759/,https://m.media-amazon.com/images/M/MV5BOGUwMDk0Y2MtNjBlNi00NmRiLTk2MWYtMGMyMDlhYmI4ZDBjXkEyXkFqcGc@._V1_.jpg
30,Back to the Future,1985,8.5,1h 56m,https://www.imdb.com/title/tt0088763/,https://m.media-amazon.com/images/M/MV5BZmM3ZjE0NzctNjBiOC00MDZmLTgzMTUtNGVlOWFlOTNiZDJiXkEyXkFqcGc@._V1_.jpg
31,Spirited Away,2001,8.6,2h 4m,https://www.imdb.com/title/tt0245429/,https://m.media-amazon.com/images/M/MV5BNTEyNmEwOWUtYzkyOC00ZTQ4LTllZmUtMjk0Y2YwOGUzYjRiXkEyXkFqcGc@._V1_.jpg
32,The Pianist,2002,8.5,2h 30m,https://www.imdb.com/title/tt0253474/,https://m.media-amazon.com/images/M/MV5BMjEwNmEwYjgtNTk3ZC00NjljLTg5ZDctZTY3ZGQwZjRkZmQxXkEyXkFqcGc@._V1_.jpg
33,Gladiator,2000,8.5,2h 35m,https://www.imdb.com/title/tt0172495/,https://m.media-amazon.com/images/M/MV5BYWQ4YmNjYjEtOWE1Zi00Y2U4LWI4NTAtMTU0MjkxNWQ1ZmJiXkEyXkFqcGc@._V1_.jpg
34,Parasite,2019,8.5,2h 12m,https://www.imdb.com/title/tt6751668/,https://m.media-amazon.com/images/M/MV5BYjk1Y2U4MjQtY2ZiNS00OWQyLWI3MmYtZWUwNmRjYWRiNWNhXkEyXkFqcGc@._V1_.jpg
35,Psycho,1960,8.5,1h 49m,https://www.imdb.com/title/tt0054215/,https://m.media-amazon.com/images/M/MV5BYjZhMzFiZjItODA3ZC00MmRhLWIzMGYtMmVjOWUwYTA3MTRjXkEyXkFqcGc@._V1_.jpg
36,The Lion King,1994,8.5,1h 28m,https://www.imdb.com/title/tt0110357/,https://m.media-amazon.com/images/M/MV5BZGRiZDZhZjItM2M3ZC00Y2IyLTk3Y2MtMWY5YjliNDFkZTJlXkEyXkFqcGc@._V1_.jpg
37,Grave of the Fireflies,1988,8.5,1h 28m,https://www.imdb.com/title/tt0095327/,https://m.media-amazon.com/images/M/MV5BNTY5MmE2OGMtN2IxNC00MDY4LTkwMGEtZDUzOTYyNWE0ZTNjXkEyXkFqcGc@._V1_.jpg
38,The Departed,2006,8.5,2h 31m,https://www.imdb.com/title/tt0407887/,https://m.media-amazon.com/images/M/MV5BMTI1MTY2OTIxNV5BMl5BanBnXkFtZTYwNjQ4NjY3._V1_.jpg
39,Whiplash,2014,8.5,1h 46m,https://www.imdb.com/title/tt2582802/,https://m.media-amazon.com/images/M/MV5BMDFjOWFkYzktYzhhMC00NmYyLTkwY2EtYjViMDhmNzg0OGFkXkEyXkFqcGc@._V1_.jpg
40,Harakiri,1962,8.6,2h 13m,https://www.imdb.com/title/tt0056058/,https://m.media-amazon.com/images/M/MV5BZThiZjU5ZDQtZDI4Mi00ZGYyLTkzOTktYmIzZTFlZTkxYzg5XkEyXkFqcGc@._V1_.jpg
41,The Prestige,2006,8.5,2h 10m,https://www.imdb.com/title/tt0482571/,https://m.media-amazon.com/images/M/MV5BMTM3MzQ5MjQ5OF5BMl5BanBnXkFtZTcwMTQ3NzMzMw@@._V1_.jpg
42,American History X,1998,8.5,1h 59m,https://www.imdb.com/title/tt0120586/,https://m.media-amazon.com/images/M/MV5BMzhiOTQ0NDItOTg0Zi00OGVmLWE0OGEtMTI4NDM0NWMxZWU4XkEyXkFqcGc@._V1_.jpg
43,Léon: The Professional,1994,8.5,1h 50m,https://www.imdb.com/title/tt0110413/,https://m.media-amazon.com/images/M/MV5BNGRkYTNhOWQtYmI0Ni00MjZhLWJmMzAtMTA2Mjg4NGNiNDU0XkEyXkFqcGc@._V1_.jpg
44,Spider-Man: Across the Spider-Verse,2023,8.5,2h 20m,https://www.imdb.com/title/tt9362722/,https://m.media-amazon.com/images/M/MV5BNThiZjA3MjItZGY5Ni00ZmJhLWEwN2EtOTBlYTA4Y2E0M2ZmXkEyXkFqcGc@._V1_.jpg
45,Casablanca,1942,8.5,1h 42m,https://www.imdb.com/title/tt0034583/,https://m.media-amazon.com/images/M/MV5BNWEzN2U1YTYtYTQyMS00NTVkLWE2NGQtZWFlMmM0MDNjMmRiXkEyXkFqcGc@._V1_.jpg
46,Cinema Paradiso,1988,8.5,2h 54m,https://www.imdb.com/title/tt0095765/,https://m.media-amazon.com/images/M/MV5BMTljNzc4YWEtYTZlMS00ODMyLWIwMTAtNWQxY2VkMDEwYTk5XkEyXkFqcGc@._V1_.jpg
47,The Intouchables,2011,8.5,1h 52m,https://www.imdb.com/title/tt1675434/,https://m.media-amazon.com/images/M/MV5BMTYxNDA3MDQwNl5BMl5BanBnXkFtZTcwNTU4Mzc1Nw@@._V1_.jpg
48,The Usual Suspects,1995,8.5,1h 46m,https://www.imdb.com/title/tt0114814/,https://m.media-amazon.com/images/M/MV5BOTE5MDUxZDUtZWZmZC00NDVmLWFhOGQtNWI2YTc4NzY3MGQ0XkEyXkFqcGc@._V1_.jpg
49,Alien,1979,8.5,1h 57m,https://www.imdb.com/title/tt0078748/,https://m.media-amazon.com/images/M/MV5BN2NhMDk2MmEtZDQzOC00MmY5LThhYzAtMDdjZGFjOGZjMjdjXkEyXkFqcGc@._V1_.jpg
50,Modern Times,1936,8.5,1h 27m,https://www.imdb.com/title/tt0027977/,https://m.media-amazon.com/images/M/MV5BODVkZGFhNGQtYjdiYi00Njc4LWFmYTItNTlmNzJjMTg1ZDc5XkEyXkFqcGc@._V1_.jpg
51,Rear Window,1954,8.5,1h 52m,https://www.imdb.com/title/tt0047396/,https://m.media-amazon.com/images/M/MV5BODZhOWI1ODgtMzdiOS00YjNkLTgwOGUtYmIyZDg5ZmQwMzQ1XkEyXkFqcGc@._V1_.jpg
52,Django Unchained,2012,8.5,2h 45m,https://www.imdb.com/title/tt1853728/,https://m.media-amazon.com/images/M/MV5BMjIyNTQ5NjQ1OV5BMl5BanBnXkFtZTcwODg1MDU4OA@@._V1_.jpg
53,Once Upon a Time in the West,1968,8.5,2h 46m,https://www.imdb.com/title/tt0064116/,https://m.media-amazon.com/images/M/MV5BZjYyNGY1MDEtN2I1MC00MGVhLTljZTYtODQ1NzQ0ODc2NzZlXkEyXkFqcGc@._V1_.jpg
54,City Lights,1931,8.5,1h 27m,https://www.imdb.com/title/tt0021749/,https://m.media-amazon.com/images/M/MV5BYmMwZDIyZWUtODVhYS00MDRmLTg0N2ItMzU5MGZhN2IxNmZjXkEyXkFqcGc@._V1_.jpg
55,Apocalypse Now,1979,8.4,2h 27m,https://www.imdb.com/title/tt0078788/,https://m.media-amazon.com/images/M/MV5BZDhiMTljYjYtODc1Yy00MmEwLTg2OTYtYmE1YTRmNDE4MmEwXkEyXkFqcGc@._V1_.jpg
56,WALL·E,2008,8.4,1h 38m,https://www.imdb.com/title/tt0910970/,https://m.media-amazon.com/images/M/MV5BMjExMTg5OTU0NF5BMl5BanBnXkFtZTcwMjMxMzMzMw@@._V1_.jpg
57,Memento,2000,8.4,1h 53m,https://www.imdb.com/title/tt0209144/,https://m.media-amazon.com/images/M/MV5BYmQ3MjliNjAtNWFiZS00YWI1LTlmZTktMzBiNDE1NjRhZjU0XkEyXkFqcGc@._V1_.jpg
58,Dune: Part Two,2024,8.4,2h 46m,https://www.imdb.com/title/tt15239678/,https://m.media-amazon.com/images/M/MV5BNTc0YmQxMjEtODI5MC00NjFiLTlkMWUtOGQ5NjFmYWUyZGJhXkEyXkFqcGc@._V1_.jpg
59,Raiders of the Lost Ark,1981,8.4,1h 55m,https://www.imdb.com/title/tt0082971/,https://m.media-amazon.com/images/M/MV5BOGNhMjg2ZjgtYzk4Ni00MTViLTg1MmUtYzM2MDZiYjZlMmU3XkEyXkFqcGc@._V1_.jpg
60,Avengers: Infinity War,2018,8.4,2h 29m,https://www.imdb.com/title/tt4154756/,https://m.media-amazon.com/images/M/MV5BMjMxNjY2MDU1OV5BMl5BanBnXkFtZTgwNzY1MTUwNTM@._V1_.jpg
61,The Lives of Others,2006,8.4,2h 17m,https://www.imdb.com/title/tt0405094/,https://m.media-amazon.com/images/M/MV5BYjM1N2Q0YWEtN2E5MC00NDM3LTk2NTEtMTc1NTk5OTA5ZGIzXkEyXkFqcGc@._V1_.jpg
62,Sunset Boulevard,1950,8.4,1h 50m,https://www.imdb.com/title/tt0043014/,https://m.media-amazon.com/images/M/MV5BMTU0NTkyNzYwMF5BMl5BanBnXkFtZTgwMDU0NDk5MTI@._V1_.jpg
63,Spider-Man: Into the Spider-Verse,2018,8.4,1h 57m,https://www.imdb.com/title/tt4633694/,https://m.media-amazon.com/images/M/MV5BMjMwNDkxMTgzOF5BMl5BanBnXkFtZTgwNTkwNTQ3NjM@._V1_.jpg
64,Witness for the Prosecution,1957,8.4,1h 56m,https://www.imdb.com/title/tt0051201/,https://m.media-amazon.com/images/M/MV5BNjRhNTQzMzQtMWViMi00ODQ1LTg0MTEtYWE4ZWZlYjM4YjJhXkEyXkFqcGc@._V1_.jpg
65,Paths of Glory,1957,8.4,1h 28m,https://www.imdb.com/title/tt0050825/,https://m.media-amazon.com/images/M/MV5BNmQ2NmI2ODYtMDQzNS00NzQyLTkzZjgtZmZlYTQ5MTc1OWU3XkEyXkFqcGc@._V1_.jpg
66,The Shining,1980,8.4,2h 26m,https://www.imdb.com/title/tt0081505/,https://m.media-amazon.com/images/M/MV5BNmM5ZThhY2ItOGRjOS00NzZiLWEwYTItNDgyMjFkOTgxMmRiXkEyXkFqcGc@._V1_.jpg
67,The Great Dictator,1940,8.4,2h 5m,https://www.imdb.com/title/tt0032553/,https://m.media-amazon.com/images/M/MV5BMjc4ZjEwNDUtMjlmZS00NzQ4LTg2N2MtMGI3ZjMyMmM3ZDM2XkEyXkFqcGc@._V1_.jpg
68,Inglourious Basterds,2009,8.4,2h 33m,https://www.imdb.com/title/tt0361748/,https://m.media-amazon.com/images/M/MV5BODZhMWJlNjYtNDExNC00MTIzLTllM2ItOGQ2NGVjNDQ3MzkzXkEyXkFqcGc@._V1_.jpg
69,Aliens,1986,8.4,2h 17m,https://www.imdb.com/title/tt0090605/,https://m.media-amazon.com/images/M/MV5BZjIyNGJhYzYtN2I1My00OTVhLWEyMzItZTVjNDMzOTVkYWViXkEyXkFqcGc@._V1_.jpg
70,12th Fail,2023,8.7,2h 27m,https://www.imdb.com/title/tt23849204/,https://m.media-amazon.com/images/M/MV5BNTE3OTIxZDYtNjA0NC00N2YxLTg1NGQtOTYxNmZkMDkwOWNjXkEyXkFqcGc@._V1_.jpg
71,The Dark Knight Rises,2012,8.4,2h 44m,https://www.imdb.com/title/tt1345836/,https://m.media-amazon.com/images/M/MV5BMTk4ODQzNDY3Ml5BMl5BanBnXkFtZTcwODA0NTM4Nw@@._V1_.jpg
72,High and Low,1963,8.4,2h 23m,https://www.imdb.com/title/tt0057565/,https://m.media-amazon.com/images/M/MV5BMGJiNzllYjktODAzNS00OGUzLTlmY2MtMjA2ZTZhYTY1OTc4XkEyXkFqcGc@._V1_.jpg
73,Coco,2017,8.4,1h 45m,https://www.imdb.com/title/tt2380307/,https://m.media-amazon.com/images/M/MV5BMDIyM2E2NTAtMzlhNy00ZGUxLWI1NjgtZDY5MzhiMDc5NGU3XkEyXkFqcGc@._V1_.jpg
74,Avengers: Endgame,2019,8.4,3h 1m,https://www.imdb.com/title/tt4154796/,https://m.media-amazon.com/images/M/MV5BMTc5MDE2ODcwNV5BMl5BanBnXkFtZTgwMzI2NzQ2NzM@._V1_.jpg
75,Amadeus,1984,8.4,2h 40m,https://www.imdb.com/title/tt0086879/,https://m.media-amazon.com/images/M/MV5BMzc2MjM0NTMtOGY4NC00NzY1LWE2ODUtZjMzY2RhNGNkZDAyXkEyXkFqcGc@._V1_.jpg
76,Good Will Hunting,1997,8.3,2h 6m,https://www.imdb.com/title/tt0119217/,https://m.media-amazon.com/images/M/MV5BNDdjZGQ5YzEtNTc2My00Mjc0LWFlMTctYzkwMzZlNzdiZWYzXkEyXkFqcGc@._V1_.jpg
77,Toy Story,1995,8.3,1h 21m,https://www.imdb.com/title/tt0114709/,https://m.media-amazon.com/images/M/MV5BZTA3OWVjOWItNjE1NS00NzZiLWE1MjgtZDZhMWI1ZTlkNzYwXkEyXkFqcGc@._V1_.jpg
78,Oldboy,2003,8.3,2h 0m,https://www.imdb.com/title/tt0364569/,https://m.media-amazon.com/images/M/MV5BMTAwNzNjYWItZmI0Ni00ZTcyLWIwNWMtZjlmNGMxZTEyYTJmXkEyXkFqcGc@._V1_.jpg
79,Dr. Strangelove or: How I Learned to Stop Worrying and Love the Bomb,1964,8.3,1h 35m,https://www.imdb.com/title/tt0057012/,https://m.media-amazon.com/images/M/MV5BMjFjYzBlOTktMTI2OS00ZWVhLTgxMDUtNzAwODY2NmI3YTAzXkEyXkFqcGc@._V1_.jpg
80,Das Boot,1981,8.4,2h 29m,https://www.imdb.com/title/tt0082096/,https://m.media-amazon.com/images/M/MV5BNGU0MWZlMTUtM2Y3Ny00NGNmLWE5NmEtN2YxOWQzMGM3ZWYzXkEyXkFqcGc@._V1_.jpg
81,Your Name.,2016,8.4,1h 46m,https://www.imdb.com/title/tt5311514/,https://m.media-amazon.com/images/M/MV5BMjI1ODZkYTgtYTY3Yy00ZTJkLWFkOTgtZDUyYWM4MzQwNjk0XkEyXkFqcGc@._V1_.jpg
82,Braveheart,1995,8.3,2h 58m,https://www.imdb.com/title/tt0112573/,https://m.media-amazon.com/images/M/MV5BNGMxZDBhNGQtYTZlNi00N2UzLWI4NDEtNmUzNWM2NTdmZDA0XkEyXkFqcGc@._V1_.jpg
83,Princess Mononoke,1997,8.3,2h 13m,https://www.imdb.com/title/tt0119698/,https://m.media-amazon.com/images/M/MV5BZTcyN2Y0MDYtMGI1NC00MWQ1LWFhZGMtN2U4NTcxZGYyNjljXkEyXkFqcGc@._V1_.jpg
84,American Beauty,1999,8.3,2h 2m,https://www.imdb.com/title/tt0169547/,https://m.media-amazon.com/images/M/MV5BMDI1MDE0OTMtMmI2MS00Yjc2LTg2MTItMWExYTg5NzA1OGUzXkEyXkFqcGc@._V1_.jpg
85,3 Idiots,2009,8.4,2h 50m,https://www.imdb.com/title/tt1187043/,https://m.media-amazon.com/images/M/MV5BNzc4ZWQ3NmYtODE0Ny00YTQ4LTlkZWItNTBkMGQ0MmUwMmJlXkEyXkFqcGc@._V1_.jpg
86,Joker,2019,8.3,2h 2m,https://www.imdb.com/title/tt7286456/,https://m.media-amazon.com/images/M/MV5BNzY3OWQ5NDktNWQ2OC00ZjdlLThkMmItMDhhNDk3NTFiZGU4XkEyXkFqcGc@._V1_.jpg
87,Capernaum,2018,8.4,2h 6m,https://www.imdb.com/title/tt8267604/,https://m.media-amazon.com/images/M/MV5BYzEyMzQ1OTktZTljZi00OWQzLWE2ZmUtZjQyNzBjYjE1NTc0XkEyXkFqcGc@._V1_.jpg
88,Once Upon a Time in America,1984,8.3,3h 49m,https://www.imdb.com/title/tt0087843/,https://m.media-amazon.com/images/M/MV5BMDQ0ZTg2OGUtZjMyOC00M2M5LThkMmItZmM2MmUzMmIxMWJhXkEyXkFqcGc@._V1_.jpg
89,Singin' in the Rain,1952,8.3,1h 43m,https://www.imdb.com/title/tt0045152/,https://m.media-amazon.com/images/M/MV5BMGQzZDFjZWUtZDU4ZS00ZjM3LTgyYmItYjA3YmIwYzRkZWY3XkEyXkFqcGc@._V1_.jpg
90,Requiem for a Dream,2000,8.3,1h 42m,https://www.imdb.com/title/tt0180093/,https://m.media-amazon.com/images/M/MV5BN2ZlMjIzZjctYzA2My00ZWYyLWI4ZjctMGI2NWYyNzFiZjAwXkEyXkFqcGc@._V1_.jpg
91,Come and See,1985,8.3,2h 22m,https://www.imdb.com/title/tt0091251/,https://m.media-amazon.com/images/M/MV5BNDlkZmVkZDAtZGFmMS00OWIzLWJkY2YtNWE5NjNhNjhiZGE3XkEyXkFqcGc@._V1_.jpg
92,Star Wars: Episode VI - Return of the Jedi,1983,8.3,2h 11m,https://www.imdb.com/title/tt0086190/,https://m.media-amazon.com/images/M/MV5BNWEwOTI0MmUtMGNmNy00ODViLTlkZDQtZTg1YmQ3MDgyNTUzXkEyXkFqcGc@._V1_.jpg
93,Toy Story 3,2010,8.3,1h 43m,https://www.imdb.com/title/tt0435761/,https://m.media-amazon.com/images/M/MV5BMTgxOTY4Mjc0MF5BMl5BanBnXkFtZTcwNTA4MDQyMw@@._V1_.jpg
94,The Hunt,2012,8.3,1h 55m,https://www.imdb.com/title/tt2106476/,https://m.media-amazon.com/images/M/MV5BMTg2NDg3ODg4NF5BMl5BanBnXkFtZTcwNzk3NTc3Nw@@._V1_.jpg
95,Ikiru,1952,8.3,2h 23m,https://www.imdb.com/title/tt0044741/,https://m.media-amazon.com/images/M/MV5BMmNlZTk4ZjQtY2I5NS00NmNiLTlkNmUtYTc3YmE0ZTk3OGNiXkEyXkFqcGc@._V1_.jpg
96,Eternal Sunshine of the Spotless Mind,2004,8.3,1h 48m,https://www.imdb.com/title/tt0338013/,https://m.media-amazon.com/images/M/MV5BMTY4NzcwODg3Nl5BMl5BanBnXkFtZTcwNTEwOTMyMw@@._V1_.jpg
97,Incendies,2010,8.3,2h 11m,https://www.imdb.com/title/tt1255953/,https://m.media-amazon.com/images/M/MV5BYWFmMjdmNjctNzhhOC00ZmMzLTkwOGItMmVmZDU4MjE2MTYwXkEyXkFqcGc@._V1_.jpg
98,The Apartment,1960,8.3,2h 5m,https://www.imdb.com/title/tt0053604/,https://m.media-amazon.com/images/M/MV5BNDdhMzVhOWQtNDU2Mi00ZmZmLWJiZDMtY2QxMjhjY2Y1ZTI5XkEyXkFqcGc@._V1_.jpg
99,Lawrence of Arabia,1962,8.3,3h 47m,https://www.imdb.com/title/tt0056172/,https://m.media-amazon.com/images/M/MV5BYjY0YTQ1OTAtYjEyNy00NTQ4LThlMTQtM2QwYTVhYWFhNjU5XkEyXkFqcGc@._V1_.jpg
100,2001: A Space Odyssey,1968,8.3,2h 29m,https://www.imdb.com/title/tt0062622/,https://m.media-amazon.com/images/M/MV5BNjU0NDFkMTQtZWY5OS00MmZhLTg3Y2QtZmJhMzMzMWYyYjc2XkEyXkFqcGc@._V1_.jpg
101,Reservoir Dogs,1992,8.3,1h 39m,https://www.imdb.com/title/tt0105236/,https://m.media-amazon.com/images/M/MV5BMmMzYjg4NDctYWY0Mi00OGViLWIzMTMtYWNlZGY5ZDJmYjk3XkEyXkFqcGc@._V1_.jpg
102,Scarface,1983,8.3,2h 50m,https://www.imdb.com/title/tt0086250/,https://m.media-amazon.com/images/M/MV5BNDUzYjY0NmUtMDM4OS00Y2Q5LWJiODYtNTk0ZTk0YjZhMTg1XkEyXkFqcGc@._V1_.jpg
103,Heat,1995,8.3,2h 50m,https://www.imdb.com/title/tt0113277/,https://m.media-amazon.com/images/M/MV5BMTkxYjU1OTMtYWViZC00ZjAzLWI3MDktZGQ2N2VmMjVjNDRlXkEyXkFqcGc@._V1_.jpg
104,Double Indemnity,1944,8.3,1h 47m,https://www.imdb.com/title/tt0036775/,https://m.media-amazon.com/images/M/MV5BM2YwNjZlZDktNTlmNS00ODQwLWJmNmUtYmE1NTBhYjc1YTY5XkEyXkFqcGc@._V1_.jpg
105,Up,2009,8.3,1h 36m,https://www.imdb.com/title/tt1049413/,https://m.media-amazon.com/images/M/MV5BNmI1ZTc5MWMtMDYyOS00ZDc2LTkzOTAtNjQ4NWIxNjYyNDgzXkEyXkFqcGc@._V1_.jpg
106,North by Northwest,1959,8.3,2h 16m,https://www.imdb.com/title/tt0053125/,https://m.media-amazon.com/images/M/MV5BZWIzODI2OGItMzM0Ny00OGRmLTlkNmItMDQxMTFmMTk3YmQwXkEyXkFqcGc@._V1_.jpg
107,M,1931,8.3,1h 39m,https://www.imdb.com/title/tt0022100/,https://m.media-amazon.com/images/M/MV5BODA4ODk3OTEzMF5BMl5BanBnXkFtZTgwMTQ2ODMwMzE@._V1_.jpg
108,Full Metal Jacket,1987,8.2,1h 56m,https://www.imdb.com/title/tt0093058/,https://m.media-amazon.com/images/M/MV5BYWUzNzZkNzUtNDdiYy00Nzk5LTgxMmItNTk0MjRjNjdjNDA0XkEyXkFqcGc@._V1_.jpg
109,Citizen Kane,1941,8.2,1h 59m,https://www.imdb.com/title/tt0033467/,https://m.media-amazon.com/images/M/MV5BYjk1ZDJlMmUtOWQ0Zi00MDM5LTk1OGYtODczNjFmMGYwZGVkXkEyXkFqcGc@._V1_.jpg
110,Vertigo,1958,8.2,2h 8m,https://www.imdb.com/title/tt0052357/,https://m.media-amazon.com/images/M/MV5BNzEyZTUxMWItMGVhYy00Y2NlLTljYTMtYzBmMzI1YmUyMDBkXkEyXkFqcGc@._V1_.jpg
111,Amélie,2001,8.3,2h 2m,https://www.imdb.com/title/tt0211915/,https://m.media-amazon.com/images/M/MV5BOTNmYzY0MWQtZGZmNy00Y2Y4LWFmMDQtMTZjYTdiYzEwZGQ2XkEyXkFqcGc@._V1_.jpg
112,Like Stars on Earth,2007,8.3,2h 42m,https://www.imdb.com/title/tt0986264/,https://m.media-amazon.com/images/M/MV5BNjVmMTlkNGYtYTM2OC00Yjc2LWIyYmQtMDY4ZmU1MWRlMjA3XkEyXkFqcGc@._V1_.jpg
113,A Separation,2011,8.3,2h 3m,https://www.imdb.com/title/tt1832382/,https://m.media-amazon.com/images/M/MV5BMDM0ZWRmMzctM2M5ZS00ZjU0LWIxN2MtNWNlNGY1ZDhjMDVhXkEyXkFqcGc@._V1_.jpg
114,To Kill a Mockingbird,1962,8.3,2h 9m,https://www.imdb.com/title/tt0056592/,https://m.media-amazon.com/images/M/MV5BZTlkYWU4MGEtZmQyYi00OWEzLTgzY2EtYzVjOTEzYzAyNTk1XkEyXkFqcGc@._V1_.jpg
115,Die Hard,1988,8.2,2h 12m,https://www.imdb.com/title/tt0095016/,https://m.media-amazon.com/images/M/MV5BMGNlYmM1NmQtYWExMS00NmRjLTg5ZmEtMmYyYzJkMzljYWMxXkEyXkFqcGc@._V1_.jpg
116,Indiana Jones and the Last Crusade,1989,8.2,2h 7m,https://www.imdb.com/title/tt0097576/,https://m.media-amazon.com/images/M/MV5BNGIxNzQ0YzYtMjNmYi00YjBlLWFjNzEtNGE3ZGFmYTczM2MwXkEyXkFqcGc@._V1_.jpg
117,The Sting,1973,8.2,2h 9m,https://www.imdb.com/title/tt0070735/,https://m.media-amazon.com/images/M/MV5BZGI4OTk4MDMtYmQ1Ni00YTUzLTkyYTktZGUwMjMyN2M4NjQ5XkEyXkFqcGc@._V1_.jpg
118,A Clockwork Orange,1971,8.2,2h 16m,https://www.imdb.com/title/tt0066921/,https://m.media-amazon.com/images/M/MV5BMTY3MjM1Mzc4N15BMl5BanBnXkFtZTgwODM0NzAxMDE@._V1_.jpg
119,Metropolis,1927,8.3,2h 33m,https://www.imdb.com/title/tt0017136/,https://m.media-amazon.com/images/M/MV5BMjhjMGYyMjAtMzJkYy00NzhlLWIwY2MtMWQ2ODIxZDUyOGYyXkEyXkFqcGc@._V1_.jpg
120,Snatch,2000,8.2,1h 42m,https://www.imdb.com/title/tt0208092/,https://m.media-amazon.com/images/M/MV5BYzk5NjJkMTQtN2IyNC00YWM5LTlhZmMtNGI3MWNhMTU1YTc4XkEyXkFqcGc@._V1_.jpg
121,1917,2019,8.2,1h 59m,https://www.imdb.com/title/tt8579674/,https://m.media-amazon.com/images/M/MV5BYzkxZjg2NDQtMGVjMy00NWZkLTk0ZDEtZWE3NDYwYjAyMTg1XkEyXkFqcGc@._V1_.jpg
122,Oppenheimer,2023,8.3,3h 0m,https://www.imdb.com/title/tt15398776/,https://m.media-amazon.com/images/M/MV5BN2JkMDc5MGQtZjg3YS00NmFiLWIyZmQtZTJmNTM5MjVmYTQ4XkEyXkFqcGc@._V1_.jpg
123,L.A. Confidential,1997,8.2,2h 18m,https://www.imdb.com/title/tt0119488/,https://m.media-amazon.com/images/M/MV5BODdiMjY1OGYtNDk0NC00NGQ1LWI4MDItOTJhMTM0YjE1YTAzXkEyXkFqcGc@._V1_.jpg
124,Downfall,2004,8.2,2h 36m,https://www.imdb.com/title/tt0363163/,https://m.media-amazon.com/images/M/MV5BMTU0NTU5NTAyMl5BMl5BanBnXkFtZTYwNzYwMDg2._V1_.jpg
125,Bicycle Thieves,1948,8.2,1h 29m,https://www.imdb.com/title/tt0040522/,https://m.media-amazon.com/images/M/MV5BMjIzMzAyMzg1Nl5BMl5BanBnXkFtZTgwMzMyNzk0MTE@._V1_.jpg
126,Dangal,2016,8.3,2h 41m,https://www.imdb.com/title/tt5074352/,https://m.media-amazon.com/images/M/MV5BMTQ4MzQzMzM2Nl5BMl5BanBnXkFtZTgwMTQ1NzU3MDI@._V1_.jpg
127,The Wolf of Wall Street,2013,8.2,3h 0m,https://www.imdb.com/title/tt0993846/,https://m.media-amazon.com/images/M/MV5BMjIxMjgxNTk0MF5BMl5BanBnXkFtZTgwNjIyOTg2MDE@._V1_.jpg
128,One Battle After Another,2025,8.3,2h 41m,https://www.imdb.com/title/tt30144839/,https://m.media-amazon.com/images/M/MV5BMzBkZmQ0NjMtNTZlMy00ZjdlLTg5ODUtYWFlNGM0YzE3MTg0XkEyXkFqcGc@._V1_.jpg
129,Green Book,2018,8.2,2h 10m,https://www.imdb.com/title/tt6966692/,https://m.media-amazon.com/images/M/MV5BNDU5YTNmMmItN2QxNy00OGQ0LTg5MTctNzFmYjEzZjcwN2UwXkEyXkFqcGc@._V1_.jpg
130,The Truman Show,1998,8.2,1h 43m,https://www.imdb.com/title/tt0120382/,https://m.media-amazon.com/images/M/MV5BNzA3ZjZlNzYtMTdjMy00NjMzLTk5ZGYtMTkyYzNiOGM1YmM3XkEyXkFqcGc@._V1_.jpg
131,Hamilton,2020,8.3,2h 40m,https://www.imdb.com/title/tt8503618/,https://m.media-amazon.com/images/M/MV5BYTc3MWIyMzAtMTZmNC00YmNjLWIyZTgtMmU4NjZkYzZkOThkXkEyXkFqcGc@._V1_.jpg
132,Batman Begins,2005,8.2,2h 20m,https://www.imdb.com/title/tt0372784/,https://m.media-amazon.com/images/M/MV5BODIyMDdhNTgtNDlmOC00MjUxLWE2NDItODA5MTdkNzY3ZTdhXkEyXkFqcGc@._V1_.jpg
133,Taxi Driver,1976,8.2,1h 54m,https://www.imdb.com/title/tt0075314/,https://m.media-amazon.com/images/M/MV5BZDNhMGYwM2UtMTdlZS00MGQ1LWI2YzAtODY5YWI1MjYyNzRmXkEyXkFqcGc@._V1_.jpg
134,For a Few Dollars More,1965,8.2,2h 12m,https://www.imdb.com/title/tt0059578/,https://m.media-amazon.com/images/M/MV5BNTRmOTcyYmYtMTIwNi00ZGYyLTk4YjYtZGJlZTgwZGY0NGQyXkEyXkFqcGc@._V1_.jpg
135,Judgment at Nuremberg,1961,8.3,2h 59m,https://www.imdb.com/title/tt0055031/,https://m.media-amazon.com/images/M/MV5BNDc2ODQ5NTE2MV5BMl5BanBnXkFtZTcwODExMjUyNA@@._V1_.jpg
136,Shutter Island,2010,8.2,2h 18m,https://www.imdb.com/title/tt1130884/,https://m.media-amazon.com/images/M/MV5BN2FjNWExYzEtY2YzOC00YjNlLTllMTQtNmIwM2Q1YzBhOWM1XkEyXkFqcGc@._V1_.jpg
137,Some Like It Hot,1959,8.2,2h 1m,https://www.imdb.com/title/tt0053291/,https://m.media-amazon.com/images/M/MV5BZTllZDYyNjEtY2RmMS00NmJhLWI4ODAtMTQ0NWFiZTJhZjA0XkEyXkFqcGc@._V1_.jpg
138,Jurassic Park,1993,8.2,2h 7m,https://www.imdb.com/title/tt0107290/,https://m.media-amazon.com/images/M/MV5BMjM2MDgxMDg0Nl5BMl5BanBnXkFtZTgwNTM2OTM5NDE@._V1_.jpg
139,The Kid,1921,8.2,1h 8m,https://www.imdb.com/title/tt0012349/,https://m.media-amazon.com/images/M/MV5BNjkxMzY1NTQtN2YwOS00NmIwLTlkNTMtMjNkMzk1ZTk3ZDU2XkEyXkFqcGc@._V1_.jpg
140,There Will Be Blood,2007,8.2,2h 38m,https://www.imdb.com/title/tt0469494/,https://m.media-amazon.com/images/M/MV5BMjAxODQ4MDU5NV5BMl5BanBnXkFtZTcwMDU4MjU1MQ@@._V1_.jpg
141,The Chaos Class Failed the Class,1975,8.6,1h 35m,https://www.imdb.com/title/tt0252488/,https://m.media-amazon.com/images/M/MV5BZmY3MjVhMmQtOTcwYy00ZjcyLWFiZDgtN2JiODVjNjQzYWQyXkEyXkFqcGc@._V1_.jpg
142,The Father,2020,8.2,1h 37m,https://www.imdb.com/title/tt10272386/,https://m.media-amazon.com/images/M/MV5BYzUxMDAyMDAtNzIyZi00OGQ1LTllMjEtYzRjOThkZTUxNTliXkEyXkFqcGc@._V1_.jpg
143,All About Eve,1950,8.2,2h 18m,https://www.imdb.com/title/tt0042192/,https://m.media-amazon.com/images/M/MV5BOTM4ZjUzOGUtYzdlZi00ZmM5LTk5NTEtMjQxNDVmOTc5NWNlXkEyXkFqcGc@._V1_.jpg
144,The Sixth Sense,1999,8.2,1h 47m,https://www.imdb.com/title/tt0167404/,https://m.media-amazon.com/images/M/MV5BZWQ2OTY0M2UtMTQxNC00MmIzLTllNDQtNDQ0MTQyYzI2M2ZiXkEyXkFqcGc@._V1_.jpg
145,Ran,1985,8.2,2h 40m,https://www.imdb.com/title/tt0089881/,https://m.media-amazon.com/images/M/MV5BZDk2NDY5YjktMjEyMC00OTJhLTkzM2EtY2Q4Y2RjYzc2Yjk4XkEyXkFqcGc@._V1_.jpg
146,Casino,1995,8.2,2h 58m,https://www.imdb.com/title/tt0112641/,https://m.media-amazon.com/images/M/MV5BMDRlZWZjZjYtYzY2NS00ZWVjLTkwYzAtZTA2ZDAzMGRiYmYwXkEyXkFqcGc@._V1_.jpg
147,No Country for Old Men,2007,8.2,2h 2m,https://www.imdb.com/title/tt0477348/,https://m.media-amazon.com/images/M/MV5BMjA5Njk3MjM4OV5BMl5BanBnXkFtZTcwMTc5MTE1MQ@@._V1_.jpg
148,The Thing,1982,8.2,1h 49m,https://www.imdb.com/title/tt0084787/,https://m.media-amazon.com/images/M/MV5BYTA3NDU5MWEtNTk4Yy00ZDNkLThmZTQtMjU3ZGVhYzAyMzU4XkEyXkFqcGc@._V1_.jpg
149,Top Gun: Maverick,2022,8.2,2h 10m,https://www.imdb.com/title/tt1745960/,https://m.media-amazon.com/images/M/MV5BMDBkZDNjMWEtOTdmMi00NmExLTg5MmMtNTFlYTJlNWY5YTdmXkEyXkFqcGc@._V1_.jpg
150,Unforgiven,1992,8.2,2h 10m,https://www.imdb.com/title/tt0105695/,https://m.media-amazon.com/images/M/MV5BNmZmMzM3YWMtZjg5Yi00M2MxLTg3ZGItNGU4YjQxNDAxM2Q4XkEyXkFqcGc@._V1_.jpg
151,Pan's Labyrinth,2006,8.2,1h 58m,https://www.imdb.com/title/tt0457430/,https://m.media-amazon.com/images/M/MV5BOTc1NTAxMWItMWFlNy00MmU2LTkwMTMtNzMwOTg5OTQ5YTFiXkEyXkFqcGc@._V1_.jpg
152,Kill Bill: Vol. 1,2003,8.2,1h 51m,https://www.imdb.com/title/tt0266697/,https://m.media-amazon.com/images/M/MV5BZmMyYzJlZmYtY2I3NC00NjAyLTkyZWItZjdjZDI1YTYyYTEwXkEyXkFqcGc@._V1_.jpg
153,Prisoners,2013,8.2,2h 33m,https://www.imdb.com/title/tt1392214/,https://m.media-amazon.com/images/M/MV5BMTg0NTIzMjQ1NV5BMl5BanBnXkFtZTcwNDc3MzM5OQ@@._V1_.jpg
154,A Beautiful Mind,2001,8.2,2h 15m,https://www.imdb.com/title/tt0268978/,https://m.media-amazon.com/images/M/MV5BNzljZTk5ZDgtZTQ1Zi00NTM4LThlOGUtZDk2MGM4NDQ4NWQyXkEyXkFqcGc@._V1_.jpg
155,The Treasure of the Sierra Madre,1948,8.2,2h 6m,https://www.imdb.com/title/tt0040897/,https://m.media-amazon.com/images/M/MV5BOWM1YjFmODEtMWNhMC00YmI1LWI0Y2EtYzg0YTBhZWI4ODE3XkEyXkFqcGc@._V1_.jpg
156,Howl's Moving Castle,2004,8.2,1h 59m,https://www.imdb.com/title/tt0347149/,https://m.media-amazon.com/images/M/MV5BMTY1OTg0MjE3MV5BMl5BanBnXkFtZTcwNTUxMTkyMQ@@._V1_.jpg
157,Finding Nemo,2003,8.2,1h 40m,https://www.imdb.com/title/tt0266543/,https://m.media-amazon.com/images/M/MV5BMTc5NjExNTA5OV5BMl5BanBnXkFtZTYwMTQ0ODY2._V1_.jpg
158,Yojimbo,1961,8.2,1h 50m,https://www.imdb.com/title/tt0055630/,https://m.media-amazon.com/images/M/MV5BYzFkODA1N2QtY2UyMC00NTMwLWEyNzctMmE3YjIzNzE1MzY4XkEyXkFqcGc@._V1_.jpg
159,The Great Escape,1963,8.2,2h 52m,https://www.imdb.com/title/tt0057115/,https://m.media-amazon.com/images/M/MV5BMDRhNmJjMzEtMWU5MC00YmEyLTg3ZmYtNzYxZTI1ZGU4ZjI1XkEyXkFqcGc@._V1_.jpg
160,The Best of Youth,2003,8.4,6h 14m,https://www.imdb.com/title/tt0346336/,https://m.media-amazon.com/images/M/MV5BYzcxMTE2YjUtMzIyMy00NDNjLWE3ZWYtODQzYmNhNDVhNDZmXkEyXkFqcGc@._V1_.jpg
161,Monty Python and the Holy Grail,1975,8.2,1h 31m,https://www.imdb.com/title/tt0071853/,https://m.media-amazon.com/images/M/MV5BYWY4YmUzZmUtMzQ0ZS00N2Y2LWJlODQtN2IwMDc1MWQwMmU3XkEyXkFqcGc@._V1_.jpg
162,The Elephant Man,1980,8.2,2h 4m,https://www.imdb.com/title/tt0080678/,https://m.media-amazon.com/images/M/MV5BMGE3MDZhNmMtMmUxZS00MDJmLTgxYmQtOGU4ODU0Y2JmNDI1XkEyXkFqcGc@._V1_.jpg
163,Klaus,2019,8.2,1h 36m,https://www.imdb.com/title/tt4729430/,https://m.media-amazon.com/images/M/MV5BZDA4ODhlMzctNGRmYi00NmViLTkxZGYtZjRkNGQ5YzYwYWVlXkEyXkFqcGc@._V1_.jpg
164,Dial M for Murder,1954,8.2,1h 45m,https://www.imdb.com/title/tt0046912/,https://m.media-amazon.com/images/M/MV5BZmYzNDgzYjgtNmU3Ny00YzUxLWE3OWUtMjIxZmNkYTVhNDZmXkEyXkFqcGc@._V1_.jpg
165,Gone with the Wind,1939,8.2,3h 58m,https://www.imdb.com/title/tt0031381/,https://m.media-amazon.com/images/M/MV5BYmYxZTE3YzMtYmE2Yy00NmFlLTkzYTAtYTAzN2IzNDFkN2E0XkEyXkFqcGc@._V1_.jpg
166,The Secret in Their Eyes,2009,8.2,2h 9m,https://www.imdb.com/title/tt1305806/,https://m.media-amazon.com/images/M/MV5BMTgwNTI3OTczOV5BMl5BanBnXkFtZTcwMTM3MTUyMw@@._V1_.jpg
167,Chinatown,1974,8.1,2h 10m,https://www.imdb.com/title/tt0071315/,https://m.media-amazon.com/images/M/MV5BNmRmZTE0NmUtZjhiZi00MzQ3LTk3ZjctN2Q3ODYzY2U3MDk3XkEyXkFqcGc@._V1_.jpg
168,"Lock, Stock and Two Smoking Barrels",1998,8.1,1h 47m,https://www.imdb.com/title/tt0120735/,https://m.media-amazon.com/images/M/MV5BMmY1M2M5ZmMtYzllZC00YzAxLTk4MjktZDJkNjA1MTUwMGQ4XkEyXkFqcGc@._V1_.jpg
169,V for Vendetta,2005,8.1,2h 12m,https://www.imdb.com/title/tt0434409/,https://m.media-amazon.com/images/M/MV5BOTI5ODc3NzExNV5BMl5BanBnXkFtZTcwNzYxNzQzMw@@._V1_.jpg
170,Rashomon,1950,8.1,1h 28m,https://www.imdb.com/title/tt0042876/,https://m.media-amazon.com/images/M/MV5BZDlkYjViMDAtYjkxNy00ZDk1LWE5MmUtNDc4NDU3ZWJmOTYzXkEyXkFqcGc@._V1_.jpg
171,Inside Out,2015,8.1,1h 35m,https://www.imdb.com/title/tt2096673/,https://m.media-amazon.com/images/M/MV5BOTgxMDQwMDk0OF5BMl5BanBnXkFtZTgwNjU5OTg2NDE@._V1_.jpg
172,Demon Slayer: Kimetsu no Yaiba- The Movie - Infinity Castle,2025,8.5,2h 35m,https://www.imdb.com/title/tt32820897/,https://m.media-amazon.com/images/M/MV5BOGQ3YWUzYjEtMTJiYy00ZjQ0LWI0YjktYjhiNGVhNGExYTM3XkEyXkFqcGc@._V1_.jpg
173,Catch Me If You Can,2002,8.1,2h 21m,https://www.imdb.com/title/tt0264464/,https://m.media-amazon.com/images/M/MV5BMTY5MzYzNjc5NV5BMl5BanBnXkFtZTYwNTUyNTc2._V1_.jpg
174,"Three Billboards Outside Ebbing, Missouri",2017,8.1,1h 55m,https://www.imdb.com/title/tt5027774/,https://m.media-amazon.com/images/M/MV5BMjI0ODcxNzM1N15BMl5BanBnXkFtZTgwMzIwMTEwNDI@._V1_.jpg
175,Trainspotting,1996,8.1,1h 33m,https://www.imdb.com/title/tt0117951/,https://m.media-amazon.com/images/M/MV5BYmVkNGJkMzQtYWQwOS00OTZmLThjODQtZjNjNzllYzRiNTE0XkEyXkFqcGc@._V1_.jpg
176,The Bridge on the River Kwai,1957,8.1,2h 41m,https://www.imdb.com/title/tt0050212/,https://m.media-amazon.com/images/M/MV5BNzdkYmU2YmItNmZiYy00OWQyLTg0YWYtZmUxM2U3YTRiNTQ1XkEyXkFqcGc@._V1_.jpg
177,Harry Potter and the Deathly Hallows: Part 2,2011,8.1,2h 10m,https://www.imdb.com/title/tt1201607/,https://m.media-amazon.com/images/M/MV5BOTA1Mzc2N2ItZWRiNS00MjQzLTlmZDQtMjU0NmY1YWRkMGQ4XkEyXkFqcGc@._V1_.jpg
178,Raging Bull,1980,8.1,2h 9m,https://www.imdb.com/title/tt0081398/,https://m.media-amazon.com/images/M/MV5BMjlkYmYyZWQtNTZkOS00ZjA0LWEwNWUtNzE2ZGNiYjg0MjA2XkEyXkFqcGc@._V1_.jpg
179,Fargo,1996,8.1,1h 38m,https://www.imdb.com/title/tt0116282/,https://m.media-amazon.com/images/M/MV5BNjg4MWE0MjEtODFhNy00MjA5LTg5ODktMzgwNWFmZTAwNjBlXkEyXkFqcGc@._V1_.jpg
180,The Wild Robot,2024,8.2,1h 42m,https://www.imdb.com/title/tt29623480/,https://m.media-amazon.com/images/M/MV5BZWNiZjVlZTUtNGUwYi00MjJmLTg2MDctNWEzYTJiMzY1ODc4XkEyXkFqcGc@._V1_.jpg
181,Warrior,2011,8.1,2h 20m,https://www.imdb.com/title/tt1291584/,https://m.media-amazon.com/images/M/MV5BMTk4ODk5MTMyNV5BMl5BanBnXkFtZTcwMDMyNTg0Ng@@._V1_.jpg
182,Dead Poets Society,1989,8.1,2h 8m,https://www.imdb.com/title/tt0097165/,https://m.media-amazon.com/images/M/MV5BMDYwNGVlY2ItMWYxMS00YjZiLWE5MTAtYWM5NWQ2ZWJjY2Q3XkEyXkFqcGc@._V1_.jpg
183,Million Dollar Baby,2004,8.1,2h 12m,https://www.imdb.com/title/tt0405159/,https://m.media-amazon.com/images/M/MV5BMTkxNzA1NDQxOV5BMl5BanBnXkFtZTcwNTkyMTIzMw@@._V1_.jpg
184,Ben-Hur,1959,8.1,3h 32m,https://www.imdb.com/title/tt0052618/,https://m.media-amazon.com/images/M/MV5BNjg2M2E1YzYtOThmMC00NjAyLWI5MzgtMDEwOGFiODdlOGUzXkEyXkFqcGc@._V1_.jpg
185,Mad Max: Fury Road,2015,8.1,2h 0m,https://www.imdb.com/title/tt1392190/,https://m.media-amazon.com/images/M/MV5BZDRkODJhOTgtOTc1OC00NTgzLTk4NjItNDgxZDY4YjlmNDY2XkEyXkFqcGc@._V1_.jpg
186,Gran Torino,2008,8.1,1h 56m,https://www.imdb.com/title/tt1205489/,https://m.media-amazon.com/images/M/MV5BMTc5NTk2OTU1Nl5BMl5BanBnXkFtZTcwMDc3NjAwMg@@._V1_.jpg
187,Barry Lyndon,1975,8.1,3h 5m,https://www.imdb.com/title/tt0072684/,https://m.media-amazon.com/images/M/MV5BNmM2MGQ5Y2UtYzA3ZC00ZDJlLTkwNDYtMjBmZGExZDJiN2RlXkEyXkFqcGc@._V1_.jpg
188,My Neighbor Totoro,1988,8.1,1h 26m,https://www.imdb.com/title/tt0096283/,https://m.media-amazon.com/images/M/MV5BYWM3MDE3YjEtMzIzZC00ODE5LTgxNTItNmUyMTBkM2M2NmNiXkEyXkFqcGc@._V1_.jpg
189,Children of Heaven,1997,8.2,1h 29m,https://www.imdb.com/title/tt0118849/,https://m.media-amazon.com/images/M/MV5BZWZlMjNhNzgtZGRhOS00Y2U5LThjOTctODNjZTI0ZTBiYzBhXkEyXkFqcGc@._V1_.jpg
190,Hacksaw Ridge,2016,8.1,2h 19m,https://www.imdb.com/title/tt2119532/,https://m.media-amazon.com/images/M/MV5BMjQ1NjM3MTUxNV5BMl5BanBnXkFtZTgwMDc5MTY5OTE@._V1_.jpg
191,The Grand Budapest Hotel,2014,8.1,1h 39m,https://www.imdb.com/title/tt2278388/,https://m.media-amazon.com/images/M/MV5BMzM5NjUxOTEyMl5BMl5BanBnXkFtZTgwNjEyMDM0MDE@._V1_.jpg
192,12 Years a Slave,2013,8.1,2h 14m,https://www.imdb.com/title/tt2024544/,https://m.media-amazon.com/images/M/MV5BMjExMTEzODkyN15BMl5BanBnXkFtZTcwNTU4NTc4OQ@@._V1_.jpg
193,Before Sunrise,1995,8.1,1h 41m,https://www.imdb.com/title/tt0112471/,https://m.media-amazon.com/images/M/MV5BZDZhZmI1ZTUtYWI3NC00NTMwLTk3NWMtNDc0OGNjM2I0ZjlmXkEyXkFqcGc@._V1_.jpg
194,Blade Runner,1982,8.1,1h 57m,https://www.imdb.com/title/tt0083658/,https://m.media-amazon.com/images/M/MV5BOWQ4YTBmNTQtMDYxMC00NGFjLTkwOGQtNzdhNmY1Nzc1MzUxXkEyXkFqcGc@._V1_.jpg
195,Spider-Man: No Way Home,2021,8.2,2h 28m,https://www.imdb.com/title/tt10872600/,https://m.media-amazon.com/images/M/MV5BMmFiZGZjMmEtMTA0Ni00MzA2LTljMTYtZGI2MGJmZWYzZTQ2XkEyXkFqcGc@._V1_.jpg
196,Memories of Murder,2003,8.1,2h 12m,https://www.imdb.com/title/tt0353969/,https://m.media-amazon.com/images/M/MV5BYmRjOWE5NmMtYTdkYS00ODFlLWJiMTMtYzE2NDZlZjlkZDQ0XkEyXkFqcGc@._V1_.jpg
197,Ratatouille,2007,8.1,1h 51m,https://www.imdb.com/title/tt0382932/,https://m.media-amazon.com/images/M/MV5BMTMzODU0NTkxMF5BMl5BanBnXkFtZTcwMjQ4MzMzMw@@._V1_.jpg
198,Gone Girl,2014,8.1,2h 29m,https://www.imdb.com/title/tt2267998/,https://m.media-amazon.com/images/M/MV5BMTk0MDQ3MzAzOV5BMl5BanBnXkFtZTgwNzU1NzE3MjE@._V1_.jpg
199,How to Train Your Dragon,2010,8.1,1h 38m,https://www.imdb.com/title/tt0892769/,https://m.media-amazon.com/images/M/MV5BMjA5NDQyMjc2NF5BMl5BanBnXkFtZTcwMjg5ODcyMw@@._V1_.jpg
200,"Monsters, Inc.",2001,8.1,1h 32m,https://www.imdb.com/title/tt0198781/,https://m.media-amazon.com/images/M/MV5BMTY1NTI0ODUyOF5BMl5BanBnXkFtZTgwNTEyNjQ0MDE@._V1_.jpg
201,Jaws,1975,8.1,2h 4m,https://www.imdb.com/title/tt0073195/,https://m.media-amazon.com/images/M/MV5BYjViNDQzNmUtYzkxZi00NTk5LTljMmItYjJlZmZkODIxNjU1XkEyXkFqcGc@._V1_.jpg
202,In the Name of the Father,1993,8.1,2h 13m,https://www.imdb.com/title/tt0107207/,https://m.media-amazon.com/images/M/MV5BMGZiZDVjNzYtZWM4ZC00MzVkLThhNDEtMDJlOTBhYzVjMmNhXkEyXkFqcGc@._V1_.jpg
203,Ford v Ferrari,2019,8.1,2h 32m,https://www.imdb.com/title/tt1950186/,https://m.media-amazon.com/images/M/MV5BOTBjNTEyNjYtYjdkNi00YzE5LTljYzUtZjVlYmYwZmJmZWYxXkEyXkFqcGc@._V1_.jpg
204,Wild Tales,2014,8.1,2h 2m,https://www.imdb.com/title/tt3011894/,https://m.media-amazon.com/images/M/MV5BNzAzMjA1ODAxOV5BMl5BanBnXkFtZTgwODg4NTQzNDE@._V1_.jpg
205,The Gold Rush,1925,8.1,1h 35m,https://www.imdb.com/title/tt0015864/,https://m.media-amazon.com/images/M/MV5BNGU1NjYzYTAtZmY0YS00NWIzLTkzNzUtYzc2ZTIyOTIxZjVhXkEyXkFqcGc@._V1_.jpg
206,Sherlock Jr.,1924,8.1,45m,https://www.imdb.com/title/tt0015324/,https://m.media-amazon.com/images/M/MV5BMjQzM2E2NjYtYmRjMC00ZmVlLTljZTgtNmQ5MGZlNDYyZTc5XkEyXkFqcGc@._V1_.jpg
207,Mary and Max,2009,8.1,1h 32m,https://www.imdb.com/title/tt0978762/,https://m.media-amazon.com/images/M/MV5BNzY2Mjc4NjMtNGY4Mi00NzM5LTk3ZTQtN2VkNzVkMzRmM2Y2XkEyXkFqcGc@._V1_.jpg
208,The Deer Hunter,1978,8.1,3h 3m,https://www.imdb.com/title/tt0077416/,https://m.media-amazon.com/images/M/MV5BZGI4YmVhMzMtMWExMS00MGZiLTg2MmItM2I2MWZjODAyM2U5XkEyXkFqcGc@._V1_.jpg
209,The Wages of Fear,1953,8.1,2h 36m,https://www.imdb.com/title/tt0046268/,https://m.media-amazon.com/images/M/MV5BMDdhOGMwODQtZGM2MS00NGQxLWEyZDMtOTkzMjFjYjI3ZmM2XkEyXkFqcGc@._V1_.jpg
210,The General,1926,8.1,1h 18m,https://www.imdb.com/title/tt0017925/,https://m.media-amazon.com/images/M/MV5BMTVhM2Y1MDUtMDkxYi00Y2UxLWI2MTMtZjMzYTY4ODM4MGIzXkEyXkFqcGc@._V1_.jpg
211,Mr. Smith Goes to Washington,1939,8.1,2h 9m,https://www.imdb.com/title/tt0031679/,https://m.media-amazon.com/images/M/MV5BMDU4ZjNmMjEtMjcxYi00NDAxLWFlMjQtNWIyNjg5NWUzNTdjXkEyXkFqcGc@._V1_.jpg
212,Logan,2017,8.1,2h 17m,https://www.imdb.com/title/tt3315342/,https://m.media-amazon.com/images/M/MV5BM2JjODdkMGMtNmY2YS00OGM2LThiY2YtZGYyNzE4Nzc2ODA0XkEyXkFqcGc@._V1_.jpg
213,On the Waterfront,1954,8.1,1h 48m,https://www.imdb.com/title/tt0047296/,https://m.media-amazon.com/images/M/MV5BZDJlYTM1ZGYtZTM4YS00MzFhLThiZjktYzQ0ZjAzMGYwZTU3XkEyXkFqcGc@._V1_.jpg
214,Rocky,1976,8.1,2h 0m,https://www.imdb.com/title/tt0075148/,https://m.media-amazon.com/images/M/MV5BZDEyY2M2MGMtYjg5OC00ZWFjLWFkZDQtNmQzZTdiYmYzZTBkXkEyXkFqcGc@._V1_.jpg
215,Wild Strawberries,1957,8.1,1h 32m,https://www.imdb.com/title/tt0050986/,https://m.media-amazon.com/images/M/MV5BZWQ5MDllM2EtZWRmNS00MmZiLWI4ZWQtMjRiY2Q5MTAxODY4XkEyXkFqcGc@._V1_.jpg
216,Tokyo Story,1953,8.1,2h 17m,https://www.imdb.com/title/tt0046438/,https://m.media-amazon.com/images/M/MV5BODdkNzcxZjItMDU2Yy00Y2JlLWFkYTQtNzIwM2Q4MWU5MTU2XkEyXkFqcGc@._V1_.jpg
217,The Third Man,1949,8.1,1h 44m,https://www.imdb.com/title/tt0041959/,https://m.media-amazon.com/images/M/MV5BNGVjMTMxZTQtMmVlNy00YmI0LWJjMDUtYTgyZWU1Njg5ZGRiXkEyXkFqcGc@._V1_.jpg
218,Pirates of the Caribbean: The Curse of the Black Pearl,2003,8.1,2h 23m,https://www.imdb.com/title/tt0325980/,https://m.media-amazon.com/images/M/MV5BNDhlMzEyNzItMTA5Mi00YWRhLThlNTktYTQyMTA0MDIyNDEyXkEyXkFqcGc@._V1_.jpg
219,Spotlight,2015,8.1,2h 9m,https://www.imdb.com/title/tt1895587/,https://m.media-amazon.com/images/M/MV5BMjIyOTM5OTIzNV5BMl5BanBnXkFtZTgwMDkzODE2NjE@._V1_.jpg
220,Maharaja,2024,8.3,2h 21m,https://www.imdb.com/title/tt26548265/,https://m.media-amazon.com/images/M/MV5BOTFlMTIxOGItZTk0Zi00MTk2LWJiM2UtMzlhZWYzNjQ4N2Y3XkEyXkFqcGc@._V1_.jpg
221,The Terminator,1984,8.1,1h 47m,https://www.imdb.com/title/tt0088247/,https://m.media-amazon.com/images/M/MV5BZmE0YzIxM2QtMGNlMi00MjRmLWE3MWMtOWQzMGVjMmU0YTFmXkEyXkFqcGc@._V1_.jpg
222,La haine,1995,8.1,1h 38m,https://www.imdb.com/title/tt0113247/,https://m.media-amazon.com/images/M/MV5BMThlMDA3NDYtZGM2Zi00NmJhLThlYWItZjViZTkzZWU1ZWRiXkEyXkFqcGc@._V1_.jpg
223,The Big Lebowski,1998,8.1,1h 57m,https://www.imdb.com/title/tt0118715/,https://m.media-amazon.com/images/M/MV5BY2E3OWQ5OWYtYTRkMC00NjVjLWIzZDQtNmRmM2ZiYTIyYmYxXkEyXkFqcGc@._V1_.jpg
224,Jai Bhim,2021,8.6,2h 44m,https://www.imdb.com/title/tt15097216/,https://m.media-amazon.com/images/M/MV5BZjEyNDIzNmEtMjdkYS00ZDAwLTljOWYtNDRhYTVhYTlmOTk1XkEyXkFqcGc@._V1_.jpg
225,The Seventh Seal,1957,8.1,1h 36m,https://www.imdb.com/title/tt0050976/,https://m.media-amazon.com/images/M/MV5BZDlmYTkzOWUtODQ0MS00MmM4LWE3ZjMtYTEwNGUwMmJkYzIxXkEyXkFqcGc@._V1_.jpg
226,Room,2015,8.1,1h 58m,https://www.imdb.com/title/tt3170832/,https://m.media-amazon.com/images/M/MV5BMjE4NzgzNzEwMl5BMl5BanBnXkFtZTgwMTMzMDE0NjE@._V1_.jpg
227,Hotel Rwanda,2004,8.1,2h 1m,https://www.imdb.com/title/tt0395169/,https://m.media-amazon.com/images/M/MV5BY2FmMWRmZmQtN2IzMS00OGVmLWFmNjktMTM0YWQzODcwYTEwXkEyXkFqcGc@._V1_.jpg
228,The Sound of Music,1965,8.1,2h 54m,https://www.imdb.com/title/tt0059742/,https://m.media-amazon.com/images/M/MV5BYWJhYmU4MjQtZDJhYi00ZGVjLTlkNTEtNzkzNGVjOWQ3MjcwXkEyXkFqcGc@._V1_.jpg
229,The Best Years of Our Lives,1946,8.1,2h 50m,https://www.imdb.com/title/tt0036868/,https://m.media-amazon.com/images/M/MV5BNTgxMzUyODQtMDJmZC00ZGMyLWI3MzAtZTYwYjBjZjFmMzIxXkEyXkFqcGc@._V1_.jpg
230,Platoon,1986,8.1,2h 0m,https://www.imdb.com/title/tt0091763/,https://m.media-amazon.com/images/M/MV5BZjE4YjllODAtZGMxZS00Mjg2LThkOWUtZjNkMjQ5YThiNDU4XkEyXkFqcGc@._V1_.jpg
231,Before Sunset,2004,8.1,1h 20m,https://www.imdb.com/title/tt0381681/,https://m.media-amazon.com/images/M/MV5BMTQ1MjAwNTM5Ml5BMl5BanBnXkFtZTYwNDM0MTc3._V1_.jpg
232,The Incredibles,2004,8,1h 55m,https://www.imdb.com/title/tt0317705/,https://m.media-amazon.com/images/M/MV5BMTY5OTU0OTc2NV5BMl5BanBnXkFtZTcwMzU4MDcyMQ@@._V1_.jpg
233,The Exorcist,1973,8.1,2h 2m,https://www.imdb.com/title/tt0070047/,https://m.media-amazon.com/images/M/MV5BZjg3YjE4ZjAtYTdmYS00ZTBkLWE1ZjgtNzAzODUwNzRiYjlmXkEyXkFqcGc@._V1_.jpg
234,A Silent Voice: The Movie,2016,8.2,2h 10m,https://www.imdb.com/title/tt5323662/,https://m.media-amazon.com/images/M/MV5BOTFiNzRiOWEtYTQwNy00NmRiLWE0ZWYtNTE0YjExZjFmZjkwXkEyXkFqcGc@._V1_.jpg
235,Hachi: A Dog's Tale,2009,8.1,1h 33m,https://www.imdb.com/title/tt1028532/,https://m.media-amazon.com/images/M/MV5BNTU5NjYyYTgtZGQ3My00MzRhLThjNGYtZmVjN2JjYjhkMjhhXkEyXkFqcGc@._V1_.jpg
236,Rush,2013,8.1,2h 3m,https://www.imdb.com/title/tt1979320/,https://m.media-amazon.com/images/M/MV5BMTZhOGQxM2ItNGQyYy00YzE5LWI5MjMtNmMzNGQzNDE1OTUzXkEyXkFqcGc@._V1_.jpg
237,The Wizard of Oz,1939,8.1,1h 42m,https://www.imdb.com/title/tt0032138/,https://m.media-amazon.com/images/M/MV5BYWRmY2I0MGItYTQ0OC00NWZmLWIwMDktYjJlNDc0MzVhMmViXkEyXkFqcGc@._V1_.jpg
238,Stand by Me,1986,8.1,1h 29m,https://www.imdb.com/title/tt0092005/,https://m.media-amazon.com/images/M/MV5BNGJkNTUwM2MtZWE2MS00YjNkLWE3MjktNWQwZDQxMDIyZWVmXkEyXkFqcGc@._V1_.jpg
239,The Passion of Joan of Arc,1928,8.1,1h 54m,https://www.imdb.com/title/tt0019254/,https://m.media-amazon.com/images/M/MV5BNTE1MDliZjgtYTU2Yy00YjAxLTljYTItNDE2ZGYwYTY1MGQ1XkEyXkFqcGc@._V1_.jpg
240,The Iron Giant,1999,8.1,1h 26m,https://www.imdb.com/title/tt0129167/,https://m.media-amazon.com/images/M/MV5BODM4ZjZjMGEtYmFiMy00MThjLWIzZjUtMDU0ODg1NTI2MzIwXkEyXkFqcGc@._V1_.jpg
241,My Father and My Son,2005,8.2,1h 52m,https://www.imdb.com/title/tt0476735/,https://m.media-amazon.com/images/M/MV5BZDE3MTBkNmQtNGFjMC00YTcwLWExY2ItN2MyMGZkNWJlMmFmXkEyXkFqcGc@._V1_.jpg
242,The Handmaiden,2016,8.1,2h 25m,https://www.imdb.com/title/tt4016934/,https://m.media-amazon.com/images/M/MV5BOTllZDI1OGItOGUxNS00OGZhLWIzMjAtYzllZTY1YTA0ZmYwXkEyXkFqcGc@._V1_.jpg
243,Network,1976,8.1,2h 1m,https://www.imdb.com/title/tt0074958/,https://m.media-amazon.com/images/M/MV5BY2E4ZGJiNTMtZTAxZC00MmVlLWI1NjYtMGVhMjhkOGEwZDhjXkEyXkFqcGc@._V1_.jpg
244,The Battle of Algiers,1966,8.1,2h 1m,https://www.imdb.com/title/tt0058946/,https://m.media-amazon.com/images/M/MV5BMTY2Mjk0OGEtYTM3Yy00ZWZiLWFhNjAtNGExMjEzNGVmMDMxXkEyXkFqcGc@._V1_.jpg
245,Demon Slayer: Kimetsu no Yaiba - The Movie: Mugen Train,2020,8.2,1h 57m,https://www.imdb.com/title/tt11032374/,https://m.media-amazon.com/images/M/MV5BNzEzYjhkYTctMWNmZS00MTc5LWI4OWUtZjFkNzNkYTNkMTJlXkEyXkFqcGc@._V1_.jpg
246,The Grapes of Wrath,1940,8.1,2h 9m,https://www.imdb.com/title/tt0032551/,https://m.media-amazon.com/images/M/MV5BZDgzZjk3OGYtNWI2Ny00MDg3LTgwYWEtNjI1ODAxNjA3ZmFlXkEyXkFqcGc@._V1_.jpg
247,To Be or Not to Be,1942,8.1,1h 39m,https://www.imdb.com/title/tt0035446/,https://m.media-amazon.com/images/M/MV5BMTA5OTRkZGUtNDhhOS00OThmLTgwZWYtZGZkM2M4YjZhNzc5XkEyXkFqcGc@._V1_.jpg
248,Gangs of Wasseypur,2012,8.2,5h 21m,https://www.imdb.com/title/tt1954470/,https://m.media-amazon.com/images/M/MV5BMTc5NjY4MjUwNF5BMl5BanBnXkFtZTgwODM3NzM5MzE@._V1_.jpg
249,Drishyam,2015,8.2,2h 43m,https://www.imdb.com/title/tt4430212/,https://m.media-amazon.com/images/M/MV5BM2NmMGFjYTYtNWEwNS00MTM4LWE2ZTktNzZjMTE0OTQyNjFiXkEyXkFqcGc@._V1_.jpg
250,The Help,2011,8.1,2h 26m,https://www.imdb.com/title/tt1454029/,https://m.media-amazon.com/images/M/MV5BMTM5OTMyMjIxOV5BMl5BanBnXkFtZTcwNzU4MjIwNQ@@._V1_.jpg
